mes_origen,mes_destino,fecha_orden_mes_origen,fecha_orden_mes_destino,anio_origen,mes_origen_num,anio_destino,mes_destino_num,periodo_origen,periodo_destino,valor_anterior_proporcion_consultas_vih,valor_actual_proporcion_consultas_vih,delta_proporcion_consultas_vih,pct_delta_proporcion_consultas_vih,cambio_proporcion_consultas_vih,valor_anterior_proporcion_cd4_bajo,valor_actual_proporcion_cd4_bajo,delta_proporcion_cd4_bajo,pct_delta_proporcion_cd4_bajo,cambio_proporcion_cd4_bajo,valor_anterior_proporcion_defunciones_vih,valor_actual_proporcion_defunciones_vih,delta_proporcion_defunciones_vih,pct_delta_proporcion_defunciones_vih,cambio_proporcion_defunciones_vih
MES_2019_01,MES_2019_02,24229,24230,2019,1,2019,2,PREPANDEMIA,PREPANDEMIA,,,,,sin_dato,,,,,sin_dato,0.0064,0.0069,0.0004999999999999996,0.07812499999999993,sube
MES_2019_02,MES_2019_03,24230,24231,2019,2,2019,3,PREPANDEMIA,PREPANDEMIA,,,,,sin_dato,,,,,sin_dato,0.0069,0.0077,0.0008000000000000004,0.1159420289855073,sube
MES_2019_03,MES_2019_04,24231,24232,2019,3,2019,4,PREPANDEMIA,PREPANDEMIA,,,,,sin_dato,,,,,sin_dato,0.0077,0.0066,-0.0011000000000000003,-0.14285714285714288,baja
MES_2019_04,MES_2019_05,24232,24233,2019,4,2019,5,PREPANDEMIA,PREPANDEMIA,,,,,sin_dato,,,,,sin_dato,0.0066,0.0063,-0.0002999999999999999,-0.04545454545454544,baja
MES_2019_05,MES_2019_06,24233,24234,2019,5,2019,6,PREPANDEMIA,PREPANDEMIA,,,,,sin_dato,,,,,sin_dato,0.0063,0.0104,0.0040999999999999995,0.6507936507936507,sube
MES_2019_06,MES_2019_07,24234,24235,2019,6,2019,7,PREPANDEMIA,PREPANDEMIA,,,,,sin_dato,,0.22916666666666666,,,sin_dato,0.0104,0.0052,-0.0052,-0.5,baja
MES_2019_07,MES_2019_08,24235,24236,2019,7,2019,8,PREPANDEMIA,PREPANDEMIA,,,,,sin_dato,0.22916666666666666,0.3220338983050847,0.09286723163841806,0.40523882896764246,sube,0.0052,0.009,0.0037999999999999996,0.7307692307692307,sube
MES_2019_08,MES_2019_09,24236,24237,2019,8,2019,9,PREPANDEMIA,PREPANDEMIA,,,,,sin_dato,0.3220338983050847,0.36363636363636365,0.041602465331278926,0.12918660287081352,sube,0.009,0.0075,-0.0014999999999999996,-0.16666666666666663,baja
MES_2019_09,MES_2019_10,24237,24238,2019,9,2019,10,PREPANDEMIA,PREPANDEMIA,,,,,sin_dato,0.36363636363636365,0.3202247191011236,-0.043411644535240046,-0.11938202247191013,baja,0.0075,0.0056,-0.0018999999999999998,-0.2533333333333333,baja
MES_2019_10,MES_2019_11,24238,24239,2019,10,2019,11,PREPANDEMIA,PREPANDEMIA,,,,,sin_dato,0.3202247191011236,0.2265625,-0.0936622191011236,-0.2924890350877193,baja,0.0056,0.0061,0.0005000000000000004,0.08928571428571437,sube
MES_2019_11,MES_2019_12,24239,24240,2019,11,2019,12,PREPANDEMIA,PREPANDEMIA,,,,,sin_dato,0.2265625,0.31666666666666665,0.09010416666666665,0.3977011494252873,sube,0.0061,0.0063,0.00019999999999999966,0.03278688524590158,sube
MES_2019_12,MES_2020_01,24240,24241,2019,12,2020,1,PREPANDEMIA,PREPANDEMIA,,0.0032,,,sin_dato,0.31666666666666665,0.299625468164794,-0.017041198501872634,-0.053814311058545165,baja,0.0063,0.0051,-0.0011999999999999997,-0.1904761904761904,baja
MES_2020_01,MES_2020_02,24241,24242,2020,1,2020,2,PREPANDEMIA,PREPANDEMIA,0.0032,0.0034,0.00019999999999999966,0.06249999999999989,sube,0.299625468164794,0.3389830508474576,0.039357582682663594,0.13135593220338973,sube,0.0051,0.0076,0.0024999999999999996,0.4901960784313724,sube
MES_2020_02,MES_2020_03,24242,24243,2020,2,2020,3,PREPANDEMIA,PANDEMIA,0.0034,0.0023,-0.0010999999999999998,-0.32352941176470584,baja,0.3389830508474576,0.3681592039800995,0.02917615313264188,0.08606965174129355,sube,0.0076,0.0056,-0.002,-0.2631578947368421,baja
MES_2020_03,MES_2020_04,24243,24244,2020,3,2020,4,PANDEMIA,PANDEMIA,0.0023,0.0021,-0.0002000000000000001,-0.08695652173913047,baja,0.3681592039800995,0.3681592039800995,0.0,0.0,sin_cambio,0.0056,0.0054,-0.00019999999999999966,-0.03571428571428566,baja
MES_2020_04,MES_2020_05,24244,24245,2020,4,2020,5,PANDEMIA,PANDEMIA,0.0021,0.0,-0.0021,-1.0,baja,0.3681592039800995,0.3681592039800995,0.0,0.0,sin_cambio,0.0054,0.0029,-0.0025000000000000005,-0.462962962962963,baja
MES_2020_05,MES_2020_06,24245,24246,2020,5,2020,6,PANDEMIA,PANDEMIA,0.0,0.0005,0.0005,,sube,0.3681592039800995,0.3681592039800995,0.0,0.0,sin_cambio,0.0029,0.0024,-0.0005,-0.1724137931034483,baja
MES_2020_06,MES_2020_07,24246,24247,2020,6,2020,7,PANDEMIA,PANDEMIA,0.0005,0.0022,0.0017000000000000001,3.4000000000000004,sube,0.3681592039800995,0.5524475524475524,0.1842883484674529,0.5005670005670004,sube,0.0024,0.0032,0.0008000000000000004,0.33333333333333354,sube
MES_2020_07,MES_2020_08,24247,24248,2020,7,2020,8,PANDEMIA,PANDEMIA,0.0022,0.0033,0.0010999999999999998,0.4999999999999999,sube,0.5524475524475524,0.533678756476684,-0.018768795970868446,-0.03397389650423023,baja,0.0032,0.0043,0.0010999999999999998,0.34374999999999994,sube
MES_2020_08,MES_2020_09,24248,24249,2020,8,2020,9,PANDEMIA,PANDEMIA,0.0033,0.0064,0.0031000000000000003,0.9393939393939394,sube,0.533678756476684,0.5645161290322581,0.030837372555574172,0.0577826495458817,sube,0.0043,0.0037,-0.0005999999999999998,-0.1395348837209302,baja
MES_2020_09,MES_2020_10,24249,24250,2020,9,2020,10,PANDEMIA,PANDEMIA,0.0064,0.0032,-0.0032,-0.5,baja,0.5645161290322581,0.5652173913043478,0.0007012622720896644,0.0012422360248445482,sube,0.0037,0.0052,0.0014999999999999996,0.40540540540540526,sube
MES_2020_10,MES_2020_11,24250,24251,2020,10,2020,11,PANDEMIA,PANDEMIA,0.0032,0.0039,0.0006999999999999997,0.2187499999999999,sube,0.5652173913043478,0.5555555555555556,-0.009661835748792202,-0.017094017094016974,baja,0.0052,0.0045,-0.0007000000000000001,-0.13461538461538464,baja
MES_2020_11,MES_2020_12,24251,24252,2020,11,2020,12,PANDEMIA,PANDEMIA,0.0039,0.0042,0.0002999999999999999,0.0769230769230769,sube,0.5555555555555556,0.48148148148148145,-0.07407407407407413,-0.13333333333333341,baja,0.0045,0.0042,-0.0002999999999999999,-0.06666666666666665,baja
MES_2020_12,MES_2021_01,24252,24253,2020,12,2021,1,PANDEMIA,PANDEMIA,0.0042,0.0031,-0.0010999999999999998,-0.26190476190476186,baja,0.48148148148148145,0.4409937888198758,-0.04048769266160568,-0.08408982322025796,baja,0.0042,0.001,-0.0031999999999999997,-0.7619047619047619,baja
MES_2021_01,MES_2021_02,24253,24254,2021,1,2021,2,PANDEMIA,PANDEMIA,0.0031,0.0015,-0.0015999999999999999,-0.5161290322580645,baja,0.4409937888198758,0.5463917525773195,0.10539796375744376,0.2390010164077246,sube,0.001,0.0023,0.0013,1.2999999999999998,sube
MES_2021_02,MES_2021_03,24254,24255,2021,2,2021,3,PANDEMIA,PANDEMIA,0.0015,0.003,0.0015,1.0,sube,0.5463917525773195,0.49615384615384617,-0.050237906423473366,-0.09194484760522485,baja,0.0023,0.0033,0.001,0.4347826086956522,sube
MES_2021_03,MES_2021_04,24255,24256,2021,3,2021,4,PANDEMIA,PANDEMIA,0.003,0.005,0.002,0.6666666666666666,sube,0.49615384615384617,0.5040983606557377,0.007944514501891486,0.01601219977125416,sube,0.0033,0.0046,0.0013,0.3939393939393939,sube
MES_2021_04,MES_2021_05,24256,24257,2021,4,2021,5,PANDEMIA,PANDEMIA,0.005,0.0057,0.0007000000000000001,0.14,sube,0.5040983606557377,0.4911504424778761,-0.012947918177861562,-0.025685301100798547,baja,0.0046,0.006,0.0014000000000000002,0.3043478260869566,sube
MES_2021_05,MES_2021_06,24257,24258,2021,5,2021,6,PANDEMIA,PANDEMIA,0.0057,0.0054,-0.0002999999999999999,-0.052631578947368404,baja,0.4911504424778761,0.49074074074074076,-0.0004097017371353373,-0.0008341675008341102,baja,0.006,0.0041,-0.0018999999999999998,-0.3166666666666666,baja
MES_2021_06,MES_2021_07,24258,24259,2021,6,2021,7,PANDEMIA,POSTPANDEMIA,0.0054,0.0067,0.0013,0.24074074074074073,sube,0.49074074074074076,0.4810810810810811,-0.009659659659659647,-0.019683834778174376,baja,0.0041,0.0049,0.0007999999999999995,0.19512195121951206,sube
MES_2021_07,MES_2021_08,24259,24260,2021,7,2021,8,POSTPANDEMIA,POSTPANDEMIA,0.0067,0.005,-0.0017000000000000001,-0.2537313432835821,baja,0.4810810810810811,0.5051020408163265,0.024020959735245373,0.04993120843843139,sube,0.0049,0.0031,-0.0018,-0.3673469387755102,baja
MES_2021_08,MES_2021_09,24260,24261,2021,8,2021,9,POSTPANDEMIA,POSTPANDEMIA,0.005,0.0036,-0.0014000000000000002,-0.28,baja,0.5051020408163265,0.5299145299145299,0.02481248909820344,0.04912371579038257,sube,0.0031,0.0045,0.0013999999999999998,0.4516129032258064,sube
MES_2021_09,MES_2021_10,24261,24262,2021,9,2021,10,POSTPANDEMIA,POSTPANDEMIA,0.0036,0.0031,-0.0005,-0.1388888888888889,baja,0.5299145299145299,0.5242718446601942,-0.005642685254335755,-0.010648293141246505,baja,0.0045,0.0052,0.0007000000000000001,0.15555555555555559,sube
MES_2021_10,MES_2021_11,24262,24263,2021,10,2021,11,POSTPANDEMIA,POSTPANDEMIA,0.0031,0.0036,0.0005,0.16129032258064516,sube,0.5242718446601942,0.5925925925925926,0.0683207479323984,0.13031550068587103,sube,0.0052,0.0069,0.0017000000000000001,0.326923076923077,sube
MES_2021_11,MES_2021_12,24263,24264,2021,11,2021,12,POSTPANDEMIA,POSTPANDEMIA,0.0036,0.0057,0.0021000000000000003,0.5833333333333335,sube,0.5925925925925926,0.49038461538461536,-0.1022079772079772,-0.17247596153846154,baja,0.0069,0.0057,-0.0011999999999999997,-0.17391304347826084,baja
MES_2021_12,MES_2022_01,24264,24265,2021,12,2022,1,POSTPANDEMIA,POSTPANDEMIA,0.0057,0.0038,-0.0019000000000000002,-0.33333333333333337,baja,0.49038461538461536,0.5811965811965812,0.09081196581196588,0.18518518518518534,sube,0.0057,0.0052,-0.0005000000000000004,-0.08771929824561411,baja
MES_2022_01,MES_2022_02,24265,24266,2022,1,2022,2,POSTPANDEMIA,POSTPANDEMIA,0.0038,0.0045,0.0006999999999999997,0.18421052631578938,sube,0.5811965811965812,0.5435897435897435,-0.037606837606837695,-0.06470588235294132,baja,0.0052,0.0043,-0.0008999999999999998,-0.17307692307692304,baja
MES_2022_02,MES_2022_03,24266,24267,2022,2,2022,3,POSTPANDEMIA,POSTPANDEMIA,0.0045,0.0037,-0.0007999999999999995,-0.17777777777777767,baja,0.5435897435897435,0.5476190476190477,0.004029304029304126,0.007412398921833063,sube,0.0043,0.0063,0.002,0.46511627906976744,sube
MES_2022_03,MES_2022_04,24267,24268,2022,3,2022,4,POSTPANDEMIA,POSTPANDEMIA,0.0037,0.0036,-0.00010000000000000026,-0.027027027027027098,baja,0.5476190476190477,0.5416666666666666,-0.005952380952381042,-0.010869565217391467,baja,0.0063,0.0076,0.0013,0.20634920634920634,sube
MES_2022_04,MES_2022_05,24268,24269,2022,4,2022,5,POSTPANDEMIA,POSTPANDEMIA,0.0036,0.003,-0.0005999999999999998,-0.16666666666666663,baja,0.5416666666666666,0.5531914893617021,0.01152482269503552,0.02127659574468096,sube,0.0076,0.0067,-0.0008999999999999998,-0.11842105263157891,baja
MES_2022_05,MES_2022_06,24269,24270,2022,5,2022,6,POSTPANDEMIA,POSTPANDEMIA,0.003,0.0024,-0.0006000000000000003,-0.2000000000000001,baja,0.5531914893617021,0.39603960396039606,-0.1571518854013061,-0.2840822543792841,baja,0.0067,0.0048,-0.0019000000000000006,-0.2835820895522389,baja
MES_2022_06,MES_2022_07,24270,24271,2022,6,2022,7,POSTPANDEMIA,POSTPANDEMIA,0.0024,0.0039,0.0015,0.6250000000000001,sube,0.39603960396039606,0.5163398692810458,0.12030026532064975,0.3037581699346406,sube,0.0048,0.0071,0.002300000000000001,0.4791666666666669,sube
MES_2022_07,MES_2022_08,24271,24272,2022,7,2022,8,POSTPANDEMIA,POSTPANDEMIA,0.0039,0.0033,-0.0005999999999999998,-0.1538461538461538,baja,0.5163398692810458,0.46387832699619774,-0.05246154228484806,-0.10160273379217408,baja,0.0071,0.0039,-0.0032000000000000006,-0.45070422535211274,baja
MES_2022_08,MES_2022_09,24272,24273,2022,8,2022,9,POSTPANDEMIA,POSTPANDEMIA,0.0033,0.0025,-0.0007999999999999999,-0.2424242424242424,baja,0.46387832699619774,0.4484304932735426,-0.015447833722655124,-0.033301477615231945,baja,0.0039,0.0067,0.0028000000000000004,0.7179487179487181,sube
MES_2022_09,MES_2022_10,24273,24274,2022,9,2022,10,POSTPANDEMIA,POSTPANDEMIA,0.0025,0.0037,0.0012000000000000001,0.48000000000000004,sube,0.4484304932735426,0.48466257668711654,0.03623208341357392,0.08079754601226985,sube,0.0067,0.0066,-0.00010000000000000026,-0.014925373134328396,baja
MES_2022_10,MES_2022_11,24274,24275,2022,10,2022,11,POSTPANDEMIA,POSTPANDEMIA,0.0037,0.0019,-0.0018000000000000002,-0.4864864864864865,baja,0.48466257668711654,0.5112781954887218,0.026615618801605234,0.054915770438755104,sube,0.0066,0.0054,-0.0011999999999999997,-0.18181818181818177,baja
MES_2022_11,MES_2022_12,24275,24276,2022,11,2022,12,POSTPANDEMIA,POSTPANDEMIA,0.0019,0.0036,0.0017,0.8947368421052632,sube,0.5112781954887218,0.54,0.02872180451127826,0.056176470588235425,sube,0.0054,0.0067,0.0013,0.24074074074074073,sube
MES_2022_12,MES_2023_01,24276,24277,2022,12,2023,1,POSTPANDEMIA,POSTPANDEMIA,0.0036,0.0041,0.0005000000000000004,0.138888888888889,sube,0.54,0.5047619047619047,-0.03523809523809529,-0.06525573192239868,baja,0.0067,0.0063,-0.0004000000000000002,-0.05970149253731346,baja
MES_2023_01,MES_2023_02,24277,24278,2023,1,2023,2,POSTPANDEMIA,POSTPANDEMIA,0.0041,0.0035,-0.0006000000000000003,-0.1463414634146342,baja,0.5047619047619047,0.4358974358974359,-0.06886446886446884,-0.13642960812772129,baja,0.0063,0.0059,-0.0004000000000000002,-0.06349206349206352,baja
MES_2023_02,MES_2023_03,24278,24279,2023,2,2023,3,POSTPANDEMIA,POSTPANDEMIA,0.0035,0.0036,9.999999999999983e-05,0.028571428571428522,sube,0.4358974358974359,0.5,0.0641025641025641,0.14705882352941174,sube,0.0059,0.0058,-0.00010000000000000026,-0.016949152542372926,baja
MES_2023_03,MES_2023_04,24279,24280,2023,3,2023,4,POSTPANDEMIA,POSTPANDEMIA,0.0036,0.0022,-0.0013999999999999998,-0.38888888888888884,baja,0.5,0.4563758389261745,-0.043624161073825496,-0.08724832214765099,baja,0.0058,0.0063,0.0005000000000000004,0.08620689655172423,sube
MES_2023_04,MES_2023_05,24280,24281,2023,4,2023,5,POSTPANDEMIA,POSTPANDEMIA,0.0022,0.0026,0.00039999999999999975,0.18181818181818168,sube,0.4563758389261745,0.455026455026455,-0.001349383899719503,-0.0029567382508559697,baja,0.0063,0.0064,0.00010000000000000026,0.015873015873015914,sube
MES_2023_05,MES_2023_06,24281,24282,2023,5,2023,6,POSTPANDEMIA,POSTPANDEMIA,0.0026,0.0026,0.0,0.0,sin_cambio,0.455026455026455,0.5157894736842106,0.060763018657755574,0.13353733170134657,sube,0.0064,0.0069,0.0004999999999999996,0.07812499999999993,sube
MES_2023_06,MES_2023_07,24282,24283,2023,6,2023,7,POSTPANDEMIA,POSTPANDEMIA,0.0026,0.002,-0.0005999999999999998,-0.23076923076923073,baja,0.5157894736842106,0.460431654676259,-0.05535781900795156,-0.10732638379092647,baja,0.0069,0.0076,0.0007000000000000001,0.10144927536231886,sube
MES_2023_07,MES_2023_08,24283,24284,2023,7,2023,8,POSTPANDEMIA,POSTPANDEMIA,0.002,0.0022,0.0002000000000000001,0.10000000000000005,sube,0.460431654676259,0.5271317829457365,0.06670012826947747,0.14486434108527135,sube,0.0076,0.0053,-0.0023,-0.3026315789473684,baja
MES_2023_08,MES_2023_09,24284,24285,2023,8,2023,9,POSTPANDEMIA,POSTPANDEMIA,0.0022,0.0022,0.0,0.0,sin_cambio,0.5271317829457365,0.4720496894409938,-0.05508209350474269,-0.10449397150164422,baja,0.0053,0.0056,0.0002999999999999999,0.05660377358490565,sube
MES_2023_09,MES_2023_10,24285,24286,2023,9,2023,10,POSTPANDEMIA,POSTPANDEMIA,0.0022,0.002,-0.0002000000000000001,-0.09090909090909094,baja,0.4720496894409938,0.5,0.02795031055900621,0.05921052631578947,sube,0.0056,0.0055,-0.00010000000000000026,-0.017857142857142905,baja
MES_2023_10,MES_2023_11,24286,24287,2023,10,2023,11,POSTPANDEMIA,POSTPANDEMIA,0.002,0.0019,-0.00010000000000000005,-0.050000000000000024,baja,0.5,0.46153846153846156,-0.038461538461538436,-0.07692307692307687,baja,0.0055,0.0047,-0.0007999999999999995,-0.14545454545454536,baja
MES_2023_11,MES_2023_12,24287,24288,2023,11,2023,12,POSTPANDEMIA,POSTPANDEMIA,0.0019,0.0022,0.00030000000000000014,0.15789473684210534,sube,0.46153846153846156,0.49206349206349204,0.030525030525030472,0.06613756613756602,sube,0.0047,0.0063,0.0015999999999999999,0.34042553191489355,sube
